id,set,human_score,pos_26
8863,4,0,0
8864,4,0,0
8865,4,3,0
8866,4,2,0
8867,4,2,0
8868,4,1,0
8869,4,0,0
8870,4,2,0
8871,4,1,0
8872,4,2,0
8873,4,2,0
8874,4,0,0
8875,4,1,0
8876,4,2,1
8877,4,0,0
8878,4,1,0
8879,4,2,0
8880,4,1,0
8881,4,3,0
8882,4,1,0
8883,4,1,0
8884,4,1,0
8885,4,3,0
8886,4,1,0
8887,4,2,0
8888,4,2,1
8889,4,1,0
8890,4,2,0
8891,4,3,0
8892,4,1,1
8893,4,2,0
8894,4,1,0
8895,4,3,0
8896,4,2,0
8897,4,1,0
8898,4,2,0
8899,4,0,0
8900,4,2,0
8901,4,0,0
8902,4,3,0
8903,4,3,0
8904,4,2,1
8905,4,2,0
8906,4,2,0
8907,4,0,0
8908,4,1,0
8909,4,2,0
8910,4,1,0
8911,4,3,0
8912,4,1,0
8913,4,1,0
8914,4,2,0
8915,4,2,0
8916,4,0,0
8917,4,0,0
8918,4,1,0
8919,4,3,0
8920,4,0,0
8921,4,2,0
8922,4,2,0
8923,4,3,0
8924,4,2,0
8925,4,1,0
8926,4,1,0
8927,4,0,0
8928,4,1,0
8929,4,1,0
8930,4,0,0
8931,4,3,0
8932,4,1,0
8933,4,2,0
8934,4,1,0
8935,4,2,0
8936,4,1,0
8937,4,1,0
8938,4,1,0
8939,4,3,0
8940,4,2,0
8941,4,3,0
8942,4,1,0
8943,4,1,0
8944,4,1,0
8945,4,2,0
8946,4,3,0
8947,4,0,0
8948,4,3,0
8949,4,0,0
8950,4,1,0
8951,4,2,0
8952,4,1,0
8953,4,1,0
8954,4,3,0
8955,4,3,0
8956,4,1,0
8957,4,2,0
8958,4,0,0
8959,4,3,0
8960,4,1,0
8961,4,1,0
8962,4,2,0
8963,4,1,0
8964,4,0,0
8965,4,2,0
8966,4,1,0
8967,4,2,0
8968,4,2,0
8969,4,2,0
8970,4,1,0
8971,4,1,0
8972,4,2,0
8973,4,3,0
8974,4,3,0
8975,4,0,0
8976,4,0,0
8977,4,2,0
8978,4,0,0
8979,4,3,0
8980,4,1,0
8981,4,3,0
8982,4,1,0
8983,4,2,0
8984,4,1,0
8985,4,1,0
8986,4,2,0
8987,4,2,0
8988,4,2,0
8989,4,1,0
8990,4,3,0
8991,4,0,0
8992,4,0,0
8993,4,0,0
8994,4,0,0
8995,4,2,0
8996,4,2,0
8997,4,1,0
8998,4,3,0
8999,4,1,0
9000,4,1,0
9001,4,2,0
9002,4,2,0
9003,4,2,0
9004,4,3,0
9005,4,3,0
9006,4,3,0
9007,4,2,0
9008,4,2,0
9009,4,2,0
9010,4,1,0
9011,4,2,0
9012,4,1,0
9013,4,1,0
9014,4,2,0
9015,4,1,0
9016,4,3,0
9017,4,2,0
9018,4,2,0
9019,4,3,0
9020,4,0,0
9021,4,2,0
9022,4,2,0
9023,4,1,0
9024,4,1,0
9025,4,1,0
9026,4,2,0
9027,4,3,0
9028,4,1,0
9029,4,2,0
9030,4,0,0
9031,4,1,0
9032,4,1,0
9033,4,1,0
9034,4,2,0
9035,4,3,0
9036,4,0,0
9037,4,3,0
9038,4,1,0
9039,4,2,1
9040,4,3,0
9041,4,0,0
9042,4,2,0
9043,4,2,0
9044,4,1,0
9045,4,0,0
9046,4,1,0
9047,4,1,0
9048,4,0,0
9049,4,2,0
9050,4,1,0
9051,4,2,0
9052,4,3,0
9053,4,2,0
9054,4,1,0
9055,4,1,0
9056,4,0,0
9057,4,2,0
9058,4,3,0
9059,4,0,0
9060,4,3,0
9061,4,3,0
9062,4,0,0
9063,4,1,0
9064,4,1,0
9065,4,1,0
9066,4,1,0
9067,4,1,0
9068,4,1,0
9069,4,3,0
9070,4,1,0
9071,4,2,0
9072,4,0,0
9073,4,1,0
9074,4,3,0
9075,4,3,0
9076,4,0,0
9077,4,1,0
9078,4,1,0
9079,4,2,0
9080,4,1,0
9081,4,2,0
9082,4,2,0
9083,4,2,0
9084,4,2,0
9085,4,2,0
9086,4,1,0
9087,4,1,0
9088,4,2,0
9089,4,2,0
9090,4,1,0
9091,4,2,0
9092,4,0,0
9093,4,1,0
9094,4,1,0
9095,4,2,0
9096,4,2,0
9097,4,1,0
9098,4,3,0
9099,4,1,0
9100,4,1,0
9101,4,1,0
9102,4,1,0
9103,4,2,0
9104,4,2,0
9105,4,1,0
9106,4,3,0
9107,4,1,0
9108,4,0,0
9109,4,0,0
9110,4,2,0
9111,4,2,0
9112,4,2,0
9113,4,1,0
9114,4,3,0
9115,4,2,0
9116,4,2,0
9117,4,2,0
9118,4,2,0
9119,4,1,0
9121,4,2,0
9122,4,2,0
9123,4,1,0
9124,4,0,0
9125,4,0,0
9126,4,1,0
9127,4,2,0
9128,4,1,0
9129,4,1,0
9130,4,0,0
9131,4,1,0
9132,4,3,0
9133,4,2,1
9134,4,3,0
9135,4,2,0
9136,4,1,0
9137,4,0,0
9138,4,3,0
9139,4,1,0
9140,4,0,0
9141,4,1,0
9142,4,1,0
9143,4,1,0
9144,4,1,0
9145,4,2,0
9146,4,1,0
9147,4,2,0
9148,4,1,0
9149,4,2,0
9150,4,1,0
9151,4,1,0
9152,4,2,0
9153,4,2,0
9154,4,1,0
9155,4,0,0
9156,4,2,0
9157,4,1,0
9158,4,3,0
9159,4,0,0
9160,4,0,0
9161,4,3,0
9162,4,1,0
9163,4,2,0
9164,4,3,0
9165,4,2,0
9166,4,2,0
9167,4,3,0
9168,4,2,0
9169,4,0,0
9170,4,3,0
9171,4,2,0
9172,4,1,0
9173,4,0,0
9174,4,1,0
9175,4,3,0
9176,4,1,0
9177,4,1,0
9178,4,2,0
9179,4,0,0
9180,4,1,0
9181,4,0,0
9182,4,2,0
9183,4,1,0
9184,4,1,0
9185,4,1,0
9186,4,1,0
9187,4,2,1
9188,4,3,0
9189,4,1,0
9190,4,3,0
9191,4,1,0
9192,4,1,0
9193,4,2,0
9194,4,1,0
9195,4,1,0
9196,4,1,0
9197,4,1,0
9198,4,2,0
9199,4,3,0
9200,4,1,0
9201,4,1,0
9202,4,0,0
9203,4,0,0
9204,4,2,1
9205,4,1,0
9206,4,1,0
9207,4,0,0
9208,4,2,0
9209,4,1,0
9210,4,1,0
9211,4,2,0
9212,4,2,0
9213,4,1,0
9214,4,1,0
9215,4,2,0
9216,4,1,0
9217,4,3,0
9218,4,1,0
9219,4,2,1
9220,4,3,0
9221,4,1,0
9222,4,2,0
9223,4,2,0
9224,4,2,0
9225,4,1,0
9226,4,0,0
9227,4,2,0
9228,4,2,0
9229,4,2,0
9230,4,2,0
9231,4,1,0
9232,4,1,0
9233,4,1,0
9234,4,0,0
9235,4,1,0
9236,4,2,0
9237,4,2,0
9238,4,2,0
9239,4,2,0
9240,4,1,0
9241,4,1,0
9242,4,1,0
9243,4,2,0
9244,4,1,0
9245,4,1,0
9246,4,0,0
9247,4,3,0
9248,4,2,0
9249,4,2,0
9250,4,1,0
9251,4,2,0
9252,4,1,0
9253,4,1,1
9254,4,3,0
9255,4,3,0
9256,4,2,0
9257,4,3,0
9258,4,3,0
9259,4,2,0
9260,4,3,1
9261,4,1,0
9262,4,0,0
9263,4,3,0
9264,4,3,0
9265,4,1,0
9266,4,1,0
9267,4,1,0
9268,4,0,0
9269,4,2,0
9270,4,1,0
9271,4,1,0
9272,4,0,0
9273,4,0,0
9274,4,2,0
9275,4,1,0
9276,4,1,0
9277,4,2,0
9278,4,2,0
9279,4,1,0
9280,4,1,0
9281,4,2,0
9282,4,2,0
9283,4,1,0
9284,4,1,0
9285,4,2,0
9286,4,0,0
9287,4,2,0
9288,4,3,0
9289,4,0,0
9290,4,2,0
9291,4,2,0
9292,4,3,0
9293,4,0,0
9294,4,1,0
9295,4,2,0
9296,4,1,0
9297,4,1,0
9298,4,2,0
9299,4,1,0
9300,4,1,0
9301,4,3,0
9302,4,1,0
9303,4,1,0
9304,4,3,0
9305,4,0,0
9306,4,2,0
9307,4,2,0
9308,4,0,0
9309,4,2,1
9310,4,1,0
9311,4,0,0
9312,4,2,0
9313,4,0,0
9314,4,0,0
9315,4,2,0
9316,4,3,0
9317,4,2,0
9318,4,0,0
9319,4,3,0
9320,4,1,0
9321,4,1,0
9322,4,0,0
9323,4,1,0
9324,4,0,0
9325,4,3,0
9326,4,1,0
9327,4,3,0
9328,4,0,0
9329,4,3,0
9330,4,2,0
9331,4,2,0
9332,4,2,0
9333,4,0,0
9334,4,1,0
9335,4,1,0
9336,4,2,0
9337,4,1,0
9338,4,1,0
9339,4,1,0
9340,4,2,0
9341,4,3,0
9342,4,2,0
9343,4,1,0
9344,4,0,0
9345,4,0,0
9346,4,3,0
9347,4,2,0
9348,4,1,0
9349,4,0,0
9350,4,1,0
9351,4,0,0
9352,4,2,0
9353,4,2,0
9354,4,2,0
9355,4,1,0
9356,4,1,0
9357,4,2,0
9358,4,0,0
9359,4,0,0
9360,4,1,0
9361,4,2,0
9362,4,3,0
9363,4,2,2
9364,4,2,0
9365,4,3,0
9366,4,2,0
9367,4,3,0
9368,4,1,0
9369,4,1,0
9370,4,0,0
9371,4,2,0
9372,4,1,0
9373,4,1,0
9374,4,1,0
9375,4,2,0
9376,4,2,0
9377,4,1,0
9378,4,1,0
9379,4,2,0
9380,4,2,0
9381,4,0,0
9382,4,2,0
9383,4,1,0
9384,4,1,0
9385,4,1,0
9386,4,2,0
9387,4,2,0
9388,4,1,0
9389,4,3,0
9390,4,1,0
9391,4,2,0
9392,4,2,0
9393,4,0,2
9394,4,1,0
9395,4,1,0
9396,4,0,0
9397,4,2,0
9398,4,1,0
9399,4,2,0
9400,4,1,0
9401,4,3,0
9402,4,3,0
9403,4,2,0
9404,4,0,0
9405,4,2,0
9406,4,0,0
9407,4,2,0
9408,4,0,0
9409,4,1,0
9410,4,1,0
9411,4,0,0
9412,4,1,0
9413,4,0,0
9414,4,0,0
9415,4,0,0
9416,4,3,0
9417,4,1,0
9418,4,1,0
9419,4,2,0
9420,4,3,0
9421,4,1,0
9422,4,3,0
9423,4,3,0
9424,4,0,0
9425,4,2,0
9426,4,2,0
9427,4,1,0
9428,4,2,0
9429,4,2,0
9430,4,3,0
9431,4,1,0
9432,4,2,0
9434,4,0,0
9435,4,1,0
9436,4,2,0
9437,4,1,0
9438,4,3,0
9439,4,2,0
9440,4,1,0
9441,4,3,0
9442,4,3,0
9443,4,1,0
9444,4,2,0
9445,4,1,0
9446,4,1,0
9447,4,0,0
9448,4,2,0
9449,4,2,0
9450,4,1,0
9451,4,1,0
9452,4,2,0
9453,4,2,0
9454,4,0,0
9455,4,0,0
9456,4,0,0
9457,4,3,0
9458,4,2,0
9459,4,2,0
9460,4,2,0
9461,4,1,0
9462,4,3,0
9463,4,1,0
9464,4,0,0
9465,4,1,0
9466,4,1,0
9467,4,2,0
9468,4,1,0
9469,4,1,0
9470,4,2,0
9471,4,0,0
9472,4,1,0
9473,4,3,0
9474,4,1,0
9475,4,0,0
9476,4,2,0
9477,4,1,0
9478,4,2,0
9479,4,1,0
9480,4,1,0
9481,4,1,0
9482,4,2,0
9483,4,2,0
9484,4,2,0
9485,4,3,0
9486,4,0,0
9487,4,2,0
9488,4,0,0
9489,4,2,0
9490,4,0,0
9491,4,1,0
9492,4,0,0
9493,4,2,0
9494,4,2,0
9495,4,1,0
9496,4,0,0
9497,4,2,0
9498,4,0,0
9499,4,0,0
9500,4,2,0
9501,4,2,0
9502,4,1,0
9503,4,2,0
9504,4,2,0
9505,4,2,0
9506,4,2,0
9507,4,2,0
9508,4,2,0
9509,4,0,0
9510,4,1,0
9511,4,1,0
9512,4,0,0
9513,4,3,0
9514,4,1,0
9515,4,3,0
9516,4,1,0
9517,4,1,0
9518,4,0,0
9519,4,1,0
9520,4,1,0
9521,4,2,0
9522,4,2,0
9523,4,3,0
9524,4,1,0
9525,4,3,0
9526,4,2,0
9527,4,2,0
9528,4,0,0
9529,4,1,0
9530,4,2,0
9531,4,1,0
9532,4,1,0
9533,4,1,0
9534,4,3,0
9535,4,1,0
9536,4,0,0
9537,4,0,0
9538,4,2,1
9539,4,2,0
9540,4,0,0
9541,4,3,0
9542,4,1,0
9543,4,1,0
9544,4,0,0
9545,4,0,0
9546,4,1,0
9547,4,2,0
9548,4,1,0
9549,4,1,0
9550,4,3,0
9551,4,3,0
9552,4,2,0
9553,4,2,0
9554,4,1,0
9555,4,2,0
9556,4,2,0
9557,4,1,0
9558,4,3,0
9559,4,2,0
9560,4,1,0
9561,4,2,0
9562,4,3,0
9563,4,1,0
9564,4,0,0
9565,4,0,0
9566,4,1,0
9567,4,3,0
9568,4,0,0
9569,4,3,0
9570,4,2,0
9571,4,3,0
9572,4,1,0
9573,4,2,0
9574,4,2,0
9575,4,1,0
9576,4,2,0
9577,4,0,1
9578,4,2,0
9579,4,0,0
9580,4,1,0
9581,4,0,0
9582,4,0,0
9583,4,0,0
9584,4,2,0
9585,4,1,0
9586,4,1,0
9587,4,2,0
9588,4,2,0
9589,4,2,0
9590,4,2,0
9591,4,0,0
9592,4,0,0
9593,4,1,0
9594,4,3,0
9595,4,2,0
9596,4,1,0
9597,4,2,0
9598,4,2,0
9599,4,1,0
9600,4,2,0
9601,4,0,0
9602,4,1,0
9603,4,2,0
9604,4,1,0
9605,4,1,0
9606,4,2,0
9607,4,3,0
9608,4,3,0
9609,4,0,0
9610,4,2,0
9611,4,1,1
9612,4,0,0
9613,4,2,0
9614,4,1,0
9615,4,2,0
9616,4,1,0
9617,4,2,0
9618,4,3,0
9619,4,2,0
9620,4,1,0
9621,4,0,0
9622,4,2,0
9623,4,1,0
9624,4,3,0
9625,4,3,0
9626,4,0,0
9627,4,2,0
9628,4,2,0
9629,4,0,0
9630,4,2,0
9631,4,2,0
9632,4,0,0
9633,4,1,0
9634,4,1,0
9635,4,1,1
9636,4,2,0
9637,4,0,0
9638,4,2,0
9639,4,1,0
9640,4,2,0
9641,4,2,0
9642,4,2,0
9643,4,2,0
9644,4,0,0
9645,4,2,0
9646,4,0,0
9647,4,1,0
9648,4,3,0
9649,4,1,0
9650,4,2,0
9651,4,1,0
9652,4,0,0
9653,4,0,0
9654,4,1,0
9655,4,0,0
9656,4,1,0
9657,4,1,0
9658,4,2,0
9659,4,3,0
9660,4,2,0
9661,4,1,0
9662,4,1,0
9663,4,2,0
9664,4,0,0
9665,4,1,0
9666,4,1,0
9667,4,2,0
9668,4,1,0
9669,4,3,0
9670,4,3,0
9671,4,2,0
9672,4,1,0
9674,4,3,0
9675,4,1,0
9676,4,1,1
9677,4,1,0
9678,4,0,0
9679,4,0,0
9680,4,1,0
9681,4,1,0
9682,4,2,0
9683,4,2,0
9684,4,1,0
9685,4,1,0
9686,4,1,0
9687,4,1,0
9688,4,1,0
9689,4,2,0
9690,4,0,0
9691,4,0,0
9692,4,1,0
9693,4,1,0
9694,4,1,0
9695,4,0,0
9696,4,0,0
9697,4,1,0
9698,4,2,0
9699,4,2,0
9700,4,2,0
9701,4,1,0
9702,4,2,0
9703,4,0,0
9704,4,1,0
9705,4,2,0
9706,4,0,0
9707,4,2,0
9708,4,2,0
9709,4,3,0
9710,4,2,0
9711,4,2,0
9712,4,1,0
9713,4,1,0
9714,4,2,0
9715,4,3,0
9716,4,0,0
9717,4,2,0
9718,4,1,0
9719,4,1,0
9720,4,1,0
9721,4,1,0
9722,4,2,0
9723,4,3,0
9724,4,3,0
9725,4,1,0
9726,4,2,0
9727,4,3,0
9728,4,0,0
9729,4,1,0
9730,4,2,0
9731,4,2,0
9732,4,1,0
9733,4,2,0
9734,4,2,1
9735,4,1,0
9736,4,0,0
9737,4,1,0
9738,4,2,0
9739,4,2,0
9740,4,2,0
9741,4,3,0
9742,4,1,0
9743,4,3,0
9744,4,3,0
9745,4,1,0
9746,4,1,0
9747,4,0,0
9748,4,2,0
9749,4,1,0
9750,4,3,0
9751,4,1,0
9752,4,1,0
9753,4,2,1
9754,4,2,0
9755,4,1,0
9756,4,1,0
9757,4,1,0
9758,4,1,0
9759,4,2,0
9760,4,2,0
9761,4,2,0
9762,4,2,0
9763,4,0,0
9764,4,2,0
9765,4,1,0
9766,4,2,0
9767,4,2,0
9768,4,1,0
9769,4,0,0
9770,4,1,0
9771,4,2,0
9772,4,1,0
9773,4,1,0
9774,4,0,0
9775,4,1,0
9776,4,1,0
9777,4,2,0
9778,4,1,0
9779,4,1,0
9780,4,2,0
9781,4,2,0
9782,4,1,0
9783,4,3,0
9784,4,2,0
9785,4,1,0
9786,4,1,0
9787,4,2,0
9788,4,2,0
9789,4,2,0
9790,4,1,0
9791,4,3,0
9792,4,2,0
9793,4,1,0
9794,4,2,0
9795,4,2,0
9796,4,2,0
9797,4,1,0
9798,4,2,0
9799,4,2,0
9800,4,0,0
9801,4,2,0
9802,4,1,0
9803,4,1,0
9804,4,1,0
9805,4,2,0
9806,4,1,0
9807,4,0,0
9808,4,1,0
9809,4,1,0
9810,4,1,0
9811,4,3,0
9812,4,2,0
9813,4,2,0
9814,4,1,0
9815,4,1,0
9816,4,2,0
9817,4,1,0
9818,4,2,0
9819,4,2,0
9820,4,3,0
9821,4,3,0
9822,4,3,0
9823,4,1,0
9824,4,2,0
9825,4,0,0
9826,4,1,0
9827,4,1,0
9828,4,2,0
9829,4,3,0
9830,4,3,0
9831,4,2,0
9832,4,2,0
9833,4,3,0
9834,4,0,0
9835,4,1,0
9836,4,2,0
9837,4,0,0
9838,4,2,0
9839,4,1,0
9840,4,0,0
9841,4,3,1
9842,4,1,0
9843,4,2,0
9844,4,2,0
9845,4,1,0
9846,4,2,0
9847,4,3,0
9848,4,1,0
9849,4,1,0
9850,4,1,0
9851,4,1,0
9852,4,2,0
9853,4,1,0
9854,4,1,0
9855,4,2,0
9856,4,3,0
9857,4,0,0
9858,4,1,0
9859,4,2,0
9860,4,2,0
9861,4,3,0
9862,4,0,0
9863,4,1,0
9864,4,1,0
9865,4,2,0
9866,4,1,0
9867,4,0,0
9868,4,2,0
9869,4,1,0
9870,4,3,0
9871,4,0,0
9872,4,2,0
9873,4,3,0
9874,4,2,0
9875,4,2,0
9876,4,1,0
9877,4,1,0
9878,4,2,1
9879,4,1,0
9880,4,2,0
9881,4,1,0
9882,4,1,0
9883,4,1,0
9884,4,2,0
9885,4,0,0
9886,4,1,0
9887,4,0,0
9888,4,1,0
9889,4,1,0
9890,4,1,0
9891,4,1,0
9892,4,1,0
9893,4,2,0
9894,4,2,0
9895,4,1,0
9896,4,1,0
9897,4,1,0
9898,4,2,0
9899,4,2,0
9900,4,1,0
9901,4,2,0
9902,4,1,0
9903,4,2,0
9904,4,2,0
9905,4,1,0
9906,4,2,0
9907,4,2,0
9908,4,1,0
9909,4,2,0
9910,4,1,0
9911,4,3,0
9912,4,2,0
9913,4,0,0
9914,4,3,0
9915,4,0,0
9916,4,0,0
9917,4,3,0
9918,4,1,0
9919,4,3,0
9920,4,2,0
9921,4,1,0
9922,4,0,0
9923,4,1,0
9924,4,1,0
9925,4,2,0
9926,4,1,0
9927,4,3,0
9928,4,3,0
9929,4,1,0
9930,4,1,0
9931,4,1,0
9932,4,2,0
9933,4,1,1
9934,4,2,0
9935,4,2,0
9936,4,0,0
9937,4,3,0
9938,4,2,0
9939,4,2,0
9940,4,2,0
9941,4,1,0
9942,4,3,0
9943,4,0,0
9944,4,0,0
9945,4,1,0
9946,4,1,0
9947,4,1,0
9948,4,1,0
9949,4,2,0
9950,4,1,0
9951,4,1,0
9952,4,2,0
9953,4,2,0
9954,4,2,2
9955,4,0,0
9956,4,1,0
9957,4,2,0
9958,4,3,0
9959,4,1,0
9960,4,1,0
9961,4,2,0
9962,4,2,0
9963,4,2,0
9964,4,3,0
9965,4,1,0
9966,4,0,0
9967,4,3,0
9968,4,2,0
9969,4,2,0
9970,4,0,0
9971,4,1,0
9972,4,1,0
9973,4,0,0
9974,4,0,0
9975,4,2,0
9976,4,3,0
9977,4,0,0
9978,4,0,0
9979,4,2,0
9980,4,1,0
9981,4,3,1
9982,4,2,0
9983,4,2,1
9984,4,1,0
9985,4,0,0
9986,4,3,0
9987,4,1,0
9988,4,2,0
9989,4,1,0
9990,4,1,0
9991,4,3,0
9992,4,0,0
9993,4,1,0
9994,4,1,0
9995,4,2,0
9996,4,0,0
9997,4,1,0
9998,4,0,0
9999,4,3,0
10000,4,0,0
10002,4,2,0
10003,4,2,0
10004,4,3,0
10005,4,1,0
10006,4,2,0
10007,4,1,0
10008,4,1,0
10009,4,1,0
10010,4,1,0
10011,4,1,0
10012,4,2,0
10013,4,2,0
10014,4,0,0
10015,4,2,0
10016,4,2,0
10017,4,0,0
10018,4,0,0
10019,4,1,0
10020,4,2,0
10021,4,1,0
10022,4,1,0
10023,4,1,0
10024,4,1,0
10025,4,3,0
10026,4,2,0
10027,4,2,0
10028,4,1,0
10029,4,1,0
10030,4,0,0
10031,4,2,0
10032,4,3,0
10033,4,1,0
10034,4,2,0
10035,4,0,0
10036,4,1,0
10037,4,2,0
10038,4,1,0
10039,4,2,0
10040,4,3,0
10041,4,0,0
10042,4,0,0
10043,4,3,0
10044,4,1,0
10045,4,0,0
10046,4,1,0
10047,4,2,0
10048,4,2,0
10049,4,0,0
10050,4,2,0
10051,4,1,0
10052,4,1,0
10053,4,1,0
10054,4,3,0
10055,4,1,0
10056,4,1,0
10057,4,3,0
10058,4,1,0
10059,4,1,0
10060,4,2,0
10061,4,0,0
10062,4,0,0
10063,4,2,0
10064,4,1,0
10065,4,2,0
10066,4,3,0
10067,4,2,0
10068,4,3,0
10069,4,1,0
10070,4,1,0
10071,4,0,0
10072,4,2,0
10073,4,1,0
10074,4,1,0
10075,4,2,1
10076,4,1,0
10077,4,0,0
10078,4,2,0
10079,4,1,1
10080,4,1,0
10081,4,0,0
10082,4,2,0
10083,4,0,0
10084,4,3,1
10085,4,1,0
10086,4,1,0
10087,4,1,0
10088,4,2,0
10089,4,0,0
10090,4,3,0
10091,4,3,0
10092,4,3,0
10093,4,2,0
10094,4,0,0
10095,4,2,0
10096,4,1,0
10097,4,2,0
10098,4,2,0
10099,4,2,0
10100,4,1,0
10101,4,3,1
10102,4,1,0
10103,4,1,0
10104,4,1,0
10105,4,2,0
10106,4,0,0
10107,4,1,0
10108,4,3,0
10109,4,0,0
10110,4,1,0
10111,4,0,0
10112,4,1,0
10113,4,1,0
10114,4,1,0
10115,4,1,0
10116,4,0,0
10117,4,1,0
10118,4,2,1
10119,4,0,0
10120,4,2,0
10121,4,3,0
10122,4,2,0
10123,4,0,0
10124,4,1,0
10125,4,0,0
10126,4,0,0
10127,4,3,0
10128,4,1,0
10129,4,1,0
10130,4,1,0
10131,4,0,0
10132,4,3,0
10133,4,1,0
10134,4,3,0
10135,4,2,0
10136,4,3,0
10137,4,0,1
10138,4,0,0
10139,4,3,0
10140,4,1,0
10141,4,2,0
10142,4,3,0
10143,4,1,0
10144,4,2,0
10146,4,1,0
10147,4,1,0
10148,4,2,0
10149,4,1,0
10150,4,2,0
10151,4,2,0
10152,4,2,0
10154,4,2,0
10155,4,2,0
10156,4,1,0
10157,4,3,0
10158,4,3,0
10159,4,2,0
10160,4,3,0
10161,4,1,0
10162,4,2,0
10163,4,2,0
10164,4,0,0
10165,4,1,0
10166,4,2,0
10167,4,1,0
10168,4,0,0
10169,4,2,0
10170,4,2,0
10171,4,1,0
10172,4,2,0
10173,4,2,0
10174,4,1,0
10175,4,0,0
10176,4,1,0
10177,4,0,0
10178,4,2,2
10179,4,1,0
10180,4,0,0
10181,4,2,0
10182,4,0,0
10183,4,1,0
10184,4,3,0
10185,4,2,0
10186,4,0,0
10187,4,2,0
10188,4,2,0
10189,4,3,0
10190,4,1,0
10191,4,2,0
10192,4,1,0
10193,4,0,0
10194,4,1,0
10195,4,0,0
10196,4,1,0
10197,4,2,0
10198,4,2,0
10199,4,0,0
10200,4,3,0
10201,4,2,0
10202,4,0,0
10203,4,3,0
10204,4,2,0
10205,4,3,0
10206,4,0,0
10207,4,2,0
10208,4,3,0
10209,4,1,0
10210,4,0,0
10211,4,3,0
10212,4,1,0
10213,4,1,0
10214,4,2,0
10215,4,2,1
10216,4,0,0
10217,4,1,0
10218,4,1,0
10219,4,2,0
10220,4,1,0
10221,4,2,0
10222,4,0,0
10223,4,2,0
10224,4,2,0
10225,4,1,0
10226,4,1,0
10227,4,2,0
10228,4,3,0
10229,4,2,0
10230,4,1,0
10231,4,1,0
10232,4,0,0
10233,4,1,0
10234,4,1,0
10235,4,1,0
10236,4,3,0
10237,4,2,0
10238,4,0,0
10239,4,2,0
10240,4,1,0
10241,4,0,0
10242,4,1,0
10243,4,3,0
10244,4,1,0
10245,4,1,0
10246,4,1,0
10247,4,1,0
10248,4,0,0
10249,4,2,0
10250,4,2,0
10251,4,2,0
10252,4,0,0
10253,4,1,0
10254,4,0,0
10255,4,0,0
10256,4,0,0
10257,4,2,0
10258,4,3,0
10259,4,1,0
10260,4,1,0
10261,4,1,0
10262,4,0,0
10263,4,1,0
10264,4,3,0
10265,4,3,0
10266,4,2,0
10267,4,2,0
10268,4,0,0
10269,4,0,0
10270,4,3,0
10271,4,2,0
10272,4,1,0
10273,4,2,0
10274,4,1,0
10275,4,2,0
10276,4,2,0
10277,4,2,0
10278,4,2,0
10279,4,2,0
10280,4,2,0
10281,4,3,0
10282,4,0,0
10283,4,2,0
10284,4,3,0
10285,4,0,0
10286,4,2,0
10287,4,1,0
10288,4,0,1
10289,4,0,0
10290,4,2,0
10291,4,2,0
10292,4,1,0
10293,4,3,1
10294,4,1,0
10295,4,1,0
10296,4,1,0
10297,4,0,0
10298,4,3,0
10299,4,1,1
10300,4,1,0
10301,4,0,0
10302,4,2,0
10303,4,2,0
10304,4,1,0
10305,4,3,1
10306,4,1,0
10307,4,2,0
10308,4,3,0
10309,4,1,0
10310,4,1,0
10311,4,0,0
10312,4,0,0
10313,4,0,0
10314,4,1,0
10315,4,1,0
10316,4,1,0
10317,4,1,0
10318,4,2,0
10319,4,2,0
10320,4,3,0
10321,4,3,0
10322,4,0,0
10323,4,3,0
10324,4,2,1
10325,4,2,0
10326,4,1,0
10327,4,3,0
10328,4,0,0
10329,4,0,0
10330,4,1,0
10331,4,0,0
10332,4,2,0
10333,4,1,0
10334,4,1,0
10335,4,2,0
10336,4,2,0
10337,4,1,0
10338,4,3,0
10339,4,1,0
10340,4,1,0
10341,4,1,0
10342,4,1,0
10343,4,1,0
10344,4,2,0
10345,4,1,0
10346,4,1,0
10347,4,0,0
10348,4,0,0
10349,4,1,0
10350,4,3,0
10351,4,2,0
10352,4,1,0
10353,4,0,0
10354,4,2,0
10355,4,0,0
10356,4,2,0
10357,4,0,0
10358,4,1,0
10359,4,0,0
10360,4,0,0
10361,4,3,0
10362,4,1,0
10363,4,1,0
10364,4,1,0
10365,4,0,0
10366,4,2,0
10367,4,2,0
10368,4,3,0
10369,4,0,0
10370,4,1,0
10371,4,1,0
10372,4,3,0
10373,4,1,0
10374,4,0,0
10375,4,2,0
10376,4,0,0
10377,4,2,0
10378,4,1,0
10379,4,3,0
10380,4,0,0
10381,4,2,0
10382,4,2,0
10383,4,1,0
10384,4,0,0
10385,4,0,0
10386,4,3,0
10387,4,2,0
10388,4,1,0
10389,4,2,0
10390,4,1,0
10391,4,1,0
10392,4,3,0
10393,4,1,0
10394,4,0,0
10395,4,3,0
10396,4,2,0
10397,4,3,0
10398,4,0,0
10399,4,2,0
10400,4,0,0
10401,4,1,0
10402,4,1,0
10403,4,1,0
10404,4,2,0
10405,4,0,0
10406,4,1,0
10407,4,3,0
10408,4,1,0
10409,4,3,0
10410,4,2,0
10411,4,3,0
10412,4,2,0
10413,4,0,0
10414,4,1,0
10415,4,0,0
10416,4,2,0
10417,4,2,0
10418,4,2,0
10420,4,2,0
10421,4,1,0
10422,4,3,0
10423,4,1,0
10424,4,2,0
10425,4,2,0
10426,4,1,0
10427,4,2,0
10428,4,2,0
10429,4,3,0
10430,4,2,0
10431,4,1,0
10432,4,1,0
10433,4,0,0
10434,4,2,0
10435,4,1,0
10436,4,3,1
10437,4,0,0
10438,4,0,0
10439,4,1,0
10440,4,1,0
10441,4,2,0
10442,4,1,0
10443,4,1,0
10444,4,2,0
10445,4,0,0
10446,4,2,0
10447,4,2,0
10448,4,1,0
10449,4,1,0
10450,4,3,0
10451,4,2,0
10452,4,2,0
10453,4,2,0
10454,4,0,0
10455,4,2,0
10456,4,0,0
10457,4,1,0
10458,4,1,0
10459,4,0,0
10460,4,0,0
10461,4,2,0
10462,4,1,0
10463,4,1,0
10464,4,1,0
10465,4,2,0
10466,4,2,0
10467,4,3,0
10468,4,1,0
10469,4,1,0
10470,4,1,0
10471,4,1,0
10472,4,0,0
10473,4,3,0
10474,4,3,0
10475,4,3,0
10476,4,1,0
10477,4,3,0
10478,4,0,0
10479,4,3,0
10480,4,0,0
10481,4,1,0
10482,4,0,0
10483,4,2,0
10484,4,2,2
10485,4,2,0
10486,4,0,0
10487,4,3,0
10488,4,1,0
10489,4,0,0
10490,4,0,0
10491,4,2,0
10492,4,1,0
10493,4,2,0
10494,4,2,0
10495,4,1,0
10496,4,1,0
10497,4,3,0
10498,4,2,0
10499,4,1,0
10500,4,0,0
10501,4,1,0
10502,4,1,0
10503,4,2,0
10504,4,3,0
10505,4,2,0
10506,4,0,0
10507,4,2,0
10508,4,3,0
10509,4,1,0
10510,4,2,0
10511,4,1,0
10512,4,1,1
10513,4,1,0
10514,4,0,0
10515,4,2,0
10517,4,2,0
10518,4,3,0
10519,4,3,0
10520,4,2,0
10521,4,2,0
10522,4,3,0
10523,4,2,0
10524,4,2,0
10525,4,2,0
10526,4,2,0
10527,4,0,0
10528,4,2,0
10529,4,2,0
10530,4,2,0
10531,4,0,0
10532,4,2,0
10533,4,0,0
10535,4,0,0
10536,4,3,0
10537,4,1,0
10538,4,0,0
10539,4,3,0
10540,4,2,0
10541,4,1,0
10542,4,2,0
10543,4,1,0
10544,4,0,0
10545,4,3,0
10546,4,1,0
10547,4,3,0
10548,4,2,0
10549,4,1,0
10550,4,1,0
10551,4,2,0
10552,4,1,0
10553,4,2,0
10554,4,2,0
10555,4,2,0
10556,4,1,0
10557,4,2,0
10558,4,2,0
10559,4,3,0
10560,4,1,0
10561,4,1,0
10562,4,0,0
10563,4,1,0
10564,4,3,0
10565,4,1,0
10566,4,1,0
10567,4,0,0
10568,4,2,0
10569,4,0,0
10570,4,2,0
10571,4,1,0
10572,4,2,0
10573,4,2,0
10574,4,0,0
10575,4,2,0
10576,4,2,0
10577,4,1,0
10578,4,3,0
10579,4,1,0
10580,4,3,0
10581,4,1,0
10582,4,0,0
10584,4,1,0
10585,4,0,0
10586,4,1,0
10587,4,0,0
10588,4,2,0
10589,4,3,0
10590,4,1,0
10591,4,1,0
10592,4,3,0
10593,4,0,0
10594,4,1,0
10595,4,3,0
10596,4,1,0
10597,4,1,0
10598,4,1,0
10599,4,3,0
10600,4,0,0
10601,4,1,0
10602,4,2,0
10603,4,2,0
10604,4,3,0
10605,4,1,0
10606,4,0,0
10607,4,1,0
10608,4,0,0
10609,4,3,0
10610,4,2,0
10611,4,1,0
10612,4,3,0
10613,4,2,0
10614,4,3,0
10615,4,2,0
10616,4,2,0
10617,4,0,0
10618,4,1,0
10619,4,2,0
10620,4,2,0
10621,4,0,0
10622,4,1,0
10623,4,1,0
10624,4,1,0
10625,4,1,0
10626,4,2,0
10627,4,1,0
10628,4,2,0
10629,4,0,0
10630,4,2,0
10631,4,2,0
10632,4,1,0
10633,4,1,0
10634,4,2,0
10635,4,2,0
10636,4,1,0
10637,4,1,0
10638,4,0,0
10639,4,2,0
10640,4,1,0
10641,4,0,0
10642,4,2,0
